name,WT_name,mut_type,aa_seq,dG_ML,ddG_ML
1GYZ.pdb,1GYZ.pdb,wt,WIARINAAVRAYGLNYSTFINGLKKAGIELDRKILADMAVRDPQAFEQVVNKVKEALQV,4.010856184448403,0.0025333428364151486
1MHN.pdb,1MHN.pdb,wt,QWKVGDKCSAIWSEDGCIYPATIASIDFKRETCVVVYTGYGNREEQNLSDLLSPICE,1.8812920141250928,0.02109736382826956
2D1U.pdb,2D1U.pdb,wt,QVNIAPGSLDKALNQYAAHSGFTLSVDASLTRGKQSNGLHGDYDVESGLQQLLDGSGLQVKPLGNNSWTLEP,1.4687888548006898,0.07818649560832196
7JJK.pdb,7JJK.pdb,wt,RPMNAFMVWARIHRPALAKANPAANNAEISVQLGLEWNKLSEEQKKPYYDEAQKIKE,2.85069930241293,-0.01035188806478242
1CSQ.pdb_F49A,1CSQ.pdb_F49A,wt,MLEGKVKWFNSEKGFGFIEVEGQDDVFVHFSAIQGEGFKTLEEGQAVSAEIVEGNRGPQAANVTKEA,2.2734101630071644,0.01265215450151072
2LSS.pdb_G6S,2LSS.pdb_G6S,wt,ATNIVSKVKWYNSTKNFGFIEQDNGGKDVFVHKSAVDAAGLHSLEEGQDVIFDLEEKQGKAYAVNLRIK,3.0766192167759963,0.00048280614599224
2LSS.pdb_F17A,2LSS.pdb_F17A,wt,ATNIVGKVKWYNSTKNAGFIEQDNGGKDVFVHKSAVDAAGLHSLEEGQDVIFDLEEKQGKAYAVNLRIK,3.563810842545833,0.00325864012199844
1MJC.pdb_L43S,1MJC.pdb_L43S,wt,GKMTGIVKWFNADKGFGFITPDDGSKDVFVHFSAIQNDGYKSSDEGQKVSFTIESGAKGPAAGNVTSL,1.9796058266180587,-0.003797850376773438
1MJC.pdb_G17A,1MJC.pdb_G17A,wt,GKMTGIVKWFNADKGFAFITPDDGSKDVFVHFSAIQNDGYKSLDEGQKVSFTIESGAKGPAAGNVTSL,1.9965527638942622,-0.01579149714500776
1CSQ.pdb_F9S,1CSQ.pdb_F9S,wt,MLEGKVKWSNSEKGFGFIEVEGQDDVFVHFSAIQGEGFKTLEEGQAVSFEIVEGNRGPQAANVTKEA,2.175608736050205,0.019246689111699942
2LXK.pdb_G4A,2LXK.pdb_G4A,wt,MEQATVKWFNAEKGFGFIERENGDDVFVHFSAIQGDGFKSLDEGQAVTFDVEEGQRGPQAANVQKA,1.8625896789496252,-0.009926669922637141
2LXK.pdb_F15S,2LXK.pdb_F15S,wt,MEQGTVKWFNAEKGSGFIERENGDDVFVHFSAIQGDGFKSLDEGQAVTFDVEEGQRGPQAANVQKA,1.574539354413937,0.017193117024201943
2K5N.pdb,2K5N.pdb,wt,MAMNGTITTWFKDKGFGFIKDENGDNRYFHVIKVANPDLIKKDAAVTFEPTTNNKGLSAYAVKVVPL,4.022471754908993,-0.005024648345753218
2MA4.pdb,2MA4.pdb,wt,AEIMKKTDFDKVASEYTKIGTISTTGEMSPLDAREDLIKKADEKGADVVVLTSGQTENKIHGTADIYKKK,2.6241406658522757,0.06658585362978188
1JIC.pdb,1JIC.pdb,wt,TVKFKYKGEEKQVDISKIKKVWRVGKMISFTYDEGGGKTGRGAVSEKDAPKELLQ,4.22992589898986,0.0005877097743988979
2YSC.pdb,2YSC.pdb,wt,GLPPGWRKIHDAAGTYYWHVPSGSTQWQRPTW,2.013684631505849,0.0
v2_2LXE.pdb,v2_2LXE.pdb,wt,VLKALERTRQLDIPDEKTMPVLMKLLEEAGGNWSYIKLDNYTALVDAIYSVED,2.871796786090657,0.03094823445790428
2JVD.pdb,2JVD.pdb,wt,MISNAKIARINELAAKAKAGVITEEEKAEQQKLRQEYLK,2.1689105208973354,0.006145348551148981
5UOI.pdb,5UOI.pdb,wt,KWEEIAERLREEFNINPEEAREAVEKAGGNEEEARRIVKK,2.5907731838359007,-0.0115146548161091
2M7O.pdb_I21A,2M7O.pdb_I21A,wt,MKTQEELTEIVRDHFSDMGEAATLYVQVYESSLESLVGGVIFEDGRHYTFVYENEDLVYE,2.195235349518594,0.0083527716327545
2YSB.pdb,2YSB.pdb,wt,GEDLPLPPGWSVDWTMRGRKYYIDHNTNTTHWSHPLESGPSSG,1.8832134020855702,0.0032919543325480804
2LT1.pdb,2LT1.pdb,wt,MPEGSASLQLAVGDRVVYPNQGVCRVSAIDVKEVAGQKLTFVTMRREEDGAVVMVPEGKVLAIGVRKVASAE,2.3608856815648305,-0.0046008762059362805
1YG0.pdb,1YG0.pdb,wt,MKATFQVPSITCNHCVDKIEKFVGEIEGVSFIDVSVEKKSVVVEFDAPATQDLIKEALLDAGQEVV,2.4478217874559673,-0.007844502528648156
6YSE.pdb,6YSE.pdb,wt,HERALMVNRLQKLTRMLRVHPDPKWKQEQQELIKRLK,1.4218128579822242,0.009125526212349378
1IFY.pdb,1IFY.pdb,wt,SEYETMLTEIMSMGYERERVVAALRASYNNPHRAVEYLLTGIPG,3.087223046403313,-0.008370612986261352
2MC5.pdb,2MC5.pdb,wt,EFTQISGYVNAFGSQRGSVLTVKVENDEGWTLVEEDFDRADYGSDPEFVAEVSSYLKRNGGIKDLTKVL,1.444232196728951,0.0525258819510367
1O6X.pdb,1O6X.pdb,wt,VGDQVLEIVPSNEEQIKNLLQLEAQEHLQLDFWKSPTTPGETAHVRVPFVNVQAVKVFLESQGIAYSIMIED,4.193730731042649,0.008948826526757284
2LQK.pdb,2LQK.pdb,wt,KEFRPGDKVVLPPYGVGVVAGIAQRSVSGVSRAYYQVDFPGSRSKAYVPVEAPHSVGLRKAL,1.6300026148149254,-0.004571892777421012
2N88.pdb,2N88.pdb,wt,AVAESVIGKRVGDDGKTIEYLVKWTDMSDATWEPQDNVDSTLVLLYQQ,3.018926082592396,0.013234815215082458
5VNT.pdb,5VNT.pdb,wt,PAHPYDRLKTTSTDPVSDIDVTRREAYLSSEEFKEKFGMTKEAFYKLPKWKQNKFKMAVQLF,1.3190462744289777,-0.010797650942617119
3MYC.pdb,3MYC.pdb,wt,ETFPLDVLVNTAAEDLPRGVDPSRKENFLSDEDFKAVFGMTRSAFANLPLWKQQNLKKEKGLF,3.1771962014038717,0.033908169777168144
2RJV.pdb,2RJV.pdb,wt,LETFPLDVLVNTAAEDLPRGVDPSRKENYLSDEDFKAVFGMTRSAFANLPLWKQQNLKKEKGLF,3.740508277898433,0.0684390848052389
1YU5.pdb,1YU5.pdb,wt,KLETFPLDVLVNTAAEDLPRGVDPSRKENHLSDEDFKAVFGMTRSAFANLPLWKQQNLKKEKGLF,3.5319992947610532,0.027414795054384513
v2R14S|R16S_2L3X.pdb,v2R14S|R16S_2L3X.pdb,wt,YKIYPYDSLIVTNSISVKLPKDVDRTRLERHLSPEEFQEVFGMSIEEFDRLALWKRNDLKKKALLF,3.830316993220742,-0.00819767849758204
2KFV.pdb,2KFV.pdb,wt,VPQRAWTVEQLRSEQLPKKDIIKFLQEHGSDSFLAEHKLLGNIKNVAKTANKDHLVTAYNHLFETKRFK,2.351128784965659,0.04889607808647865
2HBB.pdb_pross4,2HBB.pdb_pross4,wt,MKVIFLKDVKGKGKKGEIKNVADGYARNFLFKQGLAIEATPANLKALE,3.4535471236909743,0.0
2HBB.pdb_pross9,2HBB.pdb_pross9,wt,MKVIFLQDVKGKGKKGEIKNVPDGYARNFLFKKGLAVEATPANLKELE,3.487620036539887,0.0
2HBB.pdb_pross6,2HBB.pdb_pross6,wt,MKVIFLKDVKGKGKKGEIKNVADGYARNFLFKQGLAIEATPANLKELE,3.033980086263324,0.0
2HBB_con,2HBB_con,wt,KVILLEDVKGLGKKGDVVEVKDGYARNFLIPQGLAVEATKGNLKEL,2.8990361140217056,0.0069814102293232535
2HBB.pdb_pross7,2HBB.pdb_pross7,wt,MKVIFLKDVKGKGKKGEIKNVPDGYARNFLFKKGLAIEATPANLKELE,3.678826861277443,0.0
2HBB.pdb_K12M,2HBB.pdb_K12M,wt,MKVIFLKDVKGMGKKGEIKNVADGYANNFLFKQGLAIEATPANLKALE,2.985501268182761,0.07502477676951962
2HBB.pdb,2HBB.pdb,wt,MKVIFLKDVKGKGKKGEIKNVADGYANNFLFKQGLAIEATPANLKALE,2.325748356820777,-0.0038907268495835395
5KPH.pdb,5KPH.pdb,wt,EEKRQVKQVAKEKLLEQSPNSKVQVRRVQKQGNTIRVELELRTNGKKENYTVEVERQGNTWTVKRITRT,3.849757667412225,-0.04474909436137042
3L1X.pdb,3L1X.pdb,wt,DAPDEFRDPLMDTLMTDPVRLPSGTIMDRSIILRHLLNSPTDPFNRQTLTESMLEPVPELKEQIQAWMR,2.4268338032387553,0.0021379112259975333
2JRO.pdb,2JRO.pdb,wt,MRVFPVYAPKLIVKHARIFLTGVIWVKDLGRLEFEKGRFLLPRKSLPKVKQAILELNELIEAQN,4.132223952068697,0.008445379509910799
2LJ3.pdb,2LJ3.pdb,wt,ETGKELVLALYDYQEKSPREVTMKKGDILTLLNSTNKDWWKVEVNDRQGFVPAAYVKKL,4.110267616136871,0.019931649040846846
4HCK.pdb,4HCK.pdb,wt,DIIVVALYDYEAIHHEDLSFQKGDQMVVLEESGEWWKARSLATRKEGYIPSNYVARVDS,4.1253590407185206,0.04097593469438278
2KGT.pdb,2KGT.pdb,wt,LGPKYVGLWDFKSRTDEELSFRAGDVFHVARKEEQWWWATLLDEAGGAVAQGYVPHNYLAERE,2.0689177551251383,0.011990713110865199
6SCW.pdb,6SCW.pdb,wt,MDETGKELVLALYDYQEKSPREVTMKKGDILTLLNSTNKDWWKVEVNDRQGFVPAAYVKKL,3.942647391498028,0.010944590737805932
1Y0M.pdb,1Y0M.pdb,wt,KSAVKALFDYKAQREDELTFTKSAIIQNVEKQDGGWWRGDYGGKKQLWFPSNYVEEMI,2.6275632574901078,0.06472841857021668
2KR3.pdb,2KR3.pdb,wt,GKELVLALYDYQEKSPREVTMKKGDILTLLNSTNKDWWKVEVKATANDKTYERQGFVPAAYVKKL,2.9533986311262943,-0.006018461925658877
2J6K_con,2J6K_con,wt,ERVRARYDYEAQNEDELSFKKGDIITVLEKDDGWWKGRNGKEGLFPSNYVEELE,2.710488919643725,0.01408055791825688
6NMW.pdb,6NMW.pdb,wt,QGDIVVALYPYDGIHPDDLSFKKGEKMKVLEEHGEWWKAKSLLTKKEGFIPSNYVAKLN,3.7611495948519003,0.027751354875474397
1QLY.pdb,1QLY.pdb,wt,LKKVVALYDYMPMNANDLQLRKGDEYFILEESNLPWWRARDKNGQEGYIPSNYVTEAE,4.229264999677855,0.0017092305597098012
2ROT.pdb_F60A,2ROT.pdb_F60A,wt,MDETGKELVLALYDYQEKSPREVTMKKGDILTLLNSTNKDWWKVEVKITVNGKTYERQGAVPAAYVKKL,2.4186109050361777,-0.0016430823847093407
1H92.pdb,1H92.pdb,wt,DNLVIALHSYEPSHDGDLGFEKGEQLRILEQSGEWWKAQSLTTGQEGFIPFNFVAKA,2.099168742030948,0.010160399976275684
2ROT.pdb_W41S,2ROT.pdb_W41S,wt,MDETGKELVLALYDYQEKSPREVTMKKGDILTLLNSTNKDSWKVEVKITVNGKTYERQGFVPAAYVKKL,2.328488159225853,0.005697526928194641
5ECA.pdb_P51S,5ECA.pdb_P51S,wt,HMTFVALYDYVASGETDLSFKKGERLQIVNNTEGDWWLAHSLTTGRTGYISSNYVAPSD,3.009250659115513,0.00215978503739988
5ECA.pdb_W37A,5ECA.pdb_W37A,wt,HMTFVALYDYVASGETDLSFKKGERLQIVNNTEGDWALAHSLTTGRTGYIPSNYVAPSD,2.964526015258725,0.026649690081146822
1S1N.pdb_V29A,1S1N.pdb_V29A,wt,TGEEYIAVGDFTAQQVGDLTFKKGEILLAIEKKPDGWWIAKDAKGNEGLVPRTYLEPYS,3.1542426092194145,0.00404556829874982
1S1N.pdb_F11S,1S1N.pdb_F11S,wt,TGEEYIAVGDSTAQQVGDLTFKKGEILLVIEKKPDGWWIAKDAKGNEGLVPRTYLEPYS,3.179057887190161,0.00035561176658381876
5FWB.pdb_A10S,5FWB.pdb_A10S,wt,DETGKFLVLSLYDYQEKSPREVTMKKGDILTLLNSTNKDWWKVEVNGRQGFVPAAYVKFL,3.6518102446235234,-0.0168444230662357
5FWB.pdb_M24A,5FWB.pdb_M24A,wt,DETGKFLVLALYDYQEKSPREVTAKKGDILTLLNSTNKDWWKVEVNGRQGFVPAAYVKFL,2.260206329188675,-0.010612563676824402
1H8K.pdb_W36A,1H8K.pdb_W36A,wt,KELVLVLYDYQEKSPREVTVKKGDILTLLNSTNKDAWKVEVDDRQGFIPAAYLKKL,2.2612553560068482,0.01752156161359812
1H8K.pdb_R44S,1H8K.pdb_R44S,wt,KELVLVLYDYQEKSPREVTVKKGDILTLLNSTNKDWWKVEVDDSQGFIPAAYLKKL,3.1206167381998937,-0.0009652863858202795
1BK2.pdb_L5S,1BK2.pdb_L5S,wt,KELVSALYDYQEKSPREVTMKKGDILTLLNSTNKDWWKVEVNGRQGFVPAAYVKKL,3.4319869547742123,-0.0029382752231284365
1GL5.pdb,1GL5.pdb,wt,SEIVVAMYDFQATEAHDLRLERGQEYIILEKNDLHWWRARDKYGSEGYIPSNYVTGKK,2.6483447022024738,0.03933758264502952
1BK2.pdb_F47A,1BK2.pdb_F47A,wt,KELVLALYDYQEKSPREVTMKKGDILTLLNSTNKDWWKVEVNGRQGAVPAAYVKKL,2.4152658654933226,-0.009183815350139821
1A0N.pdb_L7S,1A0N.pdb_L7S,wt,VTLFVASYDYEARTEDDLSFHKGEKFQILNSSEGDWWEARSLTTGETGYIPSNYVAPV,2.582957288045539,0.011240334160876558
1A0N.pdb_F20A,1A0N.pdb_F20A,wt,VTLFVALYDYEARTEDDLSAHKGEKFQILNSSEGDWWEARSLTTGETGYIPSNYVAPV,2.018618845460106,0.0080135001919741
1A0N.pdb_E24S,1A0N.pdb_E24S,wt,VTLFVALYDYEARTEDDLSFHKGSKFQILNSSEGDWWEARSLTTGETGYIPSNYVAPV,3.4562454411840853,-0.010078792838535919
1SRM.pdb,1SRM.pdb,wt,TFVALYDYESRTETDLSFKKGERLQIVNNTEGDWWLAHSLTTGQTGYIPSNYVAP,3.6542678253759218,0.0091196056842823
2L2P.pdb,2L2P.pdb,wt,TLFEALYDYEARTEDDLSFHKGEKFQILNSSEGDWWEVRSLTTGETGYIPSPYLA,2.0685321689296483,0.0020134268220238657
2CDT.pdb,2CDT.pdb,wt,ELVLALYDYQEKSPREVTMKKGDILTLLNSTNKDWWKVEVNDRQGFVPASYVKKLD,3.7519433478589135,0.026760372966516538
1ZLM.pdb,1ZLM.pdb,wt,VKVFRALYTFEPRTPDELYFEEGDIIYITDMSDTNWWKGTSKGRTGLIPSNYVAEQ,3.033016483069248,0.002624364128401984
1QKX.pdb,1QKX.pdb,wt,KELVLALYDYQEKSPREVTMKKGDILTLLNSTNKDWWKVEVADRQGFVPAAYVKKL,4.070406511380158,-0.024753012266657933
3I35.pdb,3I35.pdb,wt,KRYRAVYDYSAADEDEVSFQDGDTIVNVQQIDDGWMYGTVERTGDTGMLPANYVEAI,2.9597803716430504,0.019623057193359793
1PWT.pdb,1PWT.pdb,wt,GKELVLALYDYQEKSPREVTMKKGDILTLLNSTNKDWWKVEVNDRQGFVPAAYVKKL,4.213185594118291,-0.0161660580720208
1A0N.pdb_V55A,1A0N.pdb_V55A,wt,VTLFVALYDYEARTEDDLSFHKGEKFQILNSSEGDWWEARSLTTGETGYIPSNYAAPV,3.0211667050146245,0.008737576953909278
2LP5.pdb,2LP5.pdb,wt,TLFEALYDYEARTEDDLSFHKGEKFQILNSSEGDWWEVRSLTTGETGYIPSPYLAPV,3.669488678083592,0.021472010088114196
3CQT.pdb,3CQT.pdb,wt,TLFEALYDYEARTEDDLSFHKGEKFQILNSSEGDWWEARSLTTGETGYIPSIYLAPV,4.306417730740354,0.009552877087843642
2KCM.pdb,2KCM.pdb,wt,MKGKVVSYLAAKKYGFIQGDDGESYFLHFSELLDKKDEGKLVKGSMVHFDPTPTPKGLAAKAISLPLE,4.268578230047531,0.010773260712233649
2PTL.pdb_L38S,2PTL.pdb_L38S,wt,EVTIKANLIFANGSTQTAEFKGTFEKATSEAYAYADTSKKDNGEYTVDVADKGYTLNIKFAG,3.752101503090627,-0.0283142419512105
2PTL.pdb_I58A,2PTL.pdb_I58A,wt,EVTIKANLIFANGSTQTAEFKGTFEKATSEAYAYADTLKKDNGEYTVDVADKGYTLNAKFAG,2.522695889734425,0.0022506841320595423
2L7M.pdb,2L7M.pdb,wt,THFTSQQLQELEATFQRNHYPDMSTREEIAVWTNLTEARVRVWFKNRRAKWR,2.403377937861592,-0.006650798705594218
6FVC.pdb,6FVC.pdb,wt,EQLARLKREFNENRYLTERRRQQLSSELGLNEAQIKIWFQNERA,1.3560988038898483,0.0005617803051709017
2L7F.pdb,2L7F.pdb,wt,HFTSQQLQELEATFQRNRYPDMSTREEIAVWTNLTEARVRVWFKNRRAKWR,2.2756088957446976,0.003335976415762183
5Z2S.pdb,5Z2S.pdb,wt,AVTGSQTALLLRAFEKDRFPGIAAREELARETGLPESRIQIWFQNRR,2.026973469544017,0.04066985662725291
1ENH.pdb,1ENH.pdb,wt,AFSSEQLARLKREFNENRYLTERRRQQLSSELGLNEAQIKIWFQNKRA,2.6483891180313734,0.005727697093534631
2JWT.pdb,2JWT.pdb,wt,RTAFSSEQLARLKREFNENRYLTERRRQQLSSELGLNEAQIKIWFQNKRA,2.3466512280798066,0.000368903292920215
2M0C.pdb,2M0C.pdb,wt,TFTSYQLEELEKVFQKTHYPDVYAREQLAMRTDLTEARVQVWFQNRRA,3.4834222394529744,0.05848875342804494
1YP5.pdb,1YP5.pdb,wt,PMFEAAYDFPGSGSPSELPLKKGDVIYITREEPSGWSLGKLLDGSKEGWVPTAYMKP,1.4628785446156318,0.03953586140454132
2BTT.pdb,2BTT.pdb,wt,KDPKFEAAYDFPGSGSSSELPLKKGDIVFISRDEPSGWSLAKLLDGSKEGWVPTAYMTPYK,2.2940208100147177,0.032032018051777016
2JRR.pdb,2JRR.pdb,wt,QAPETKIVDKSRVACDGGEGALGHPRVWLQIPEDTGWVECPYCDCKYVLKGSKADAL,1.7170156572655682,-0.009572548683117302
v2_2LC2.pdb,v2_2LC2.pdb,wt,VKKMAKAIMADPNKADEVYKKWADKGYTLTQMSNFLKSKTAGKYDRVYNGYVIHLD,2.1760451580473905,0.017101110064103718
2LC2.pdb,2LC2.pdb,wt,RGFLEKAAVKKMAKAIMADPNKADEVYKKWADKGYTLTQMSNFLKSKTAGKYDRVYNGYVIHLD,3.0439892068740106,0.01236025505535646
3ZGK.pdb,3ZGK.pdb,wt,GPGLTDLFKTEKAAVKKMAKAIMADPSKADDVYQKWADKGYTLTQLSDFLKSKTRGKYDRVYNGYMTYR,3.574884454946966,0.010231553743331734
2MPK.pdb,2MPK.pdb,wt,TIDDAFRAIERAIQAENEGRYREALKHFLDGGEMIVTAAEKEASQKVRNLLLHKGKEVLEWAEHLAEWILE,3.2319737539806774,-0.013173534831021077
3DKM.pdb,3DKM.pdb,wt,NLYFQGLKYMVPGARVTRGLDWKWRDQDGSPQGEGTVTGELHNGWIDVTWDAGGSNSYRMGAEGKFDLKLAP,2.601729438447086,0.11888010041306503
1WR7.pdb,1WR7.pdb,wt,GSPGIQSFLPPGWEMRIAPNGRPFFIDHNTKTTTWEDPRLK,2.4606458023347892,-0.04831830853563908
5AHT.pdb,5AHT.pdb,wt,GSMEQGFLPKGWEVRHAPNGRPFFIDHNTKTTTWEDPRLKIPA,1.1969019182242098,-0.03493707885969527
2M9I.pdb,2M9I.pdb,wt,KLPPGWEKRMFRSNGTVYYFNHITNASQFERPSG,1.0884280694713044,0.013911057450219219
2OP7.pdb,2OP7.pdb,wt,NEEPLPEGWEIRYTREGVRYFVDHNTRTTTFKDPRNGKS,2.8622521834249812,-0.00974118751772689
1I6C.pdb,1I6C.pdb,wt,KLPPGWEKRMSRSSGRVYYFNHITNASQWERPSGNSSSG,2.251501530689015,0.0007828675221677831
2YSF.pdb,2YSF.pdb,wt,GLPEGWEMRFTVDGIPYFVDHNRRTTTYIDPRTG,1.7561032778925505,-0.00775314393841218
2KCF.pdb,2KCF.pdb,wt,GSKLPPGWEKRMSRSSGRVYYFNHITNASQWERPSG,2.2230858480006317,-0.045619899083799
2YSH.pdb,2YSH.pdb,wt,GSSGLPPGWQSYLSPQGRRYYVNTTTNETTWERPSSS,2.6269956463339246,-0.007983525895826482
2GP8.pdb,2GP8.pdb,wt,ITGDVSAANKDAIRKQMDAAASKGDVETYRKLKAKLKGIR,1.1461447761291195,-0.06588151614744242
1GJS.pdb,1GJS.pdb,wt,NSLAEAKVLANRELDKYGVSDYYKNLINNAKTVEGVKALIDEILA,3.17154763905985,0.006710014295882079
2N4T.pdb,2N4T.pdb,wt,VSEWTEYKTADGKTYYYNNRTWESTWEKPQ,1.8103521701326766,0.04349845084919296
2MWA.pdb,2MWA.pdb,wt,GATAVSEWTEYKTADGKTLYYNNRTLESTWEKPQELK,2.3718362326601823,0.020164141581833512
5LXJ.pdb,5LXJ.pdb,wt,SRSVIRSIIKSSKLNIDHKDYLLDLLNDVKGSKDLKEFHKMLTAILA,3.218571567848202,0.05821626649917668
1V1C.pdb,1V1C.pdb,wt,FDIYVVTADYLPLGAEQDAITLREGQYVEVLDAAHPLRWLVRTKPTKSSPSRQGWVSPAYLDRRL,3.5792218147880437,-0.0157803001364626
1UFM.pdb,1UFM.pdb,wt,SSGGSSILDRAVIEHNLLSASKLYNNITFEELGALLEIPAAKAEKIASQMITEGRMNGFIDQIDGIVHFETR,3.308157510055178,0.00845248087613262
2QFF.pdb,2QFF.pdb,wt,QNEKLANELKSLLDELNVNELATGSLNTYYKRTIKISGQKAMYALKSKDFKKMSEAKYQLQKIYNEIDEA,2.3382947265705014,-0.010995473580773582
4C26.pdb,4C26.pdb,wt,SELMNSSKLIRMLEEDGWRLVRVTGSAHHFKHPKKPGLVTVPHPKKDLPIGTVKSIQKSAGL,4.352307340841009,0.0033677063852651334
2WQG.pdb,2WQG.pdb,wt,SADYSSLTVVQLKDLLTKRNLSVGGLKNEWVQRLIKDDEES,1.7333787201353523,0.03584163403627878
4UZW.pdb,4UZW.pdb,wt,SADYSSLTVVQLKDLLTKRNLSVGGLKNELVQRLIKDDEESKGE,2.8211993993270386,-0.0145756282869087
1PV0.pdb,1PV0.pdb,wt,MRKLSDELLIESYFKATEMNLNRDFIELIENEIKRRSLGHIISV,3.4551480477717686,-0.012765678250517666
2M8U.pdb,2M8U.pdb,wt,TKAQVIEAFKVFDRDGNGYVTVDYLRKVLNELGDMMPADEIEEMIYEADPQNSGYVQYETFVGMLFL,3.4131782332969633,-0.00390990298467548
2AMI.pdb,2AMI.pdb,wt,GLTEEQKQEIREAFDLFDTDGSGTIDAKELKVAMRALGFEPKKEEIKKMISEIDKDGSGTIDFEEFLTMMTA,2.3403523374336017,0.024495220553434418
2RRT.pdb,2RRT.pdb,wt,SEEEIREAFRVFDKDGNGYISAADLRHVMTNLGEKLTDEEVDEMIREADIDGDGQVNYEDFVQMMTA,3.4941204494251057,0.03465987367782476
2K2A.pdb,2K2A.pdb,wt,ELREAFRLYDKEGNGYISTDVMREILAELDETLSSEDLDAMIDEIDADGSGTVDFEEFMGVMT,1.860274240962881,0.00924646882797884
v2R31S|R32S_2N5D.pdb,v2R31S|R32S_2N5D.pdb,wt,EPSQADLDALLSAVRDNRLSIEQAVTLLTPSSGGGSGGGSMDAKEILTRFKDGGLDRAAAQALLAGRTPA,3.508908614959105,0.010665993693475501
2LYR.pdb,2LYR.pdb,wt,MIINNLKLIREKKKISQSELAALLEVSRQTINGIEKNKYNPSLQLALKIAYYLNTPLEDIFQ,3.703964173569613,-0.0010827708306561795
2LYP.pdb_V26S,2LYP.pdb_V26S,wt,MIINNLKLIREKKKISQSELAALLESSRQTINGIEKNKYNPSLQLALKIAYYLNTPLEDIFQWQ,3.346352968657899,0.013494116056112221
2LYP.pdb_P41A,2LYP.pdb_P41A,wt,MIINNLKLIREKKKISQSELAALLEVSRQTINGIEKNKYNASLQLALKIAYYLNTPLEDIFQWQ,3.788442894399555,0.0029043488396799195
2LYQ.pdb,2LYQ.pdb,wt,IINNLKLIREKKKISQSELAALLEVSRQTINGIEKNKYNPSLQLALKIAYYLNTPLEDIFQW,3.9666259801563664,0.0783988294679306
2LO1.pdb,2LO1.pdb,wt,TTYYDVLGVKPNATQEELKKAYRKLALKYHPDKNPNEGEKFKQISQAYEVLSDAKKRELYDKGGE,3.8743342313117566,-0.04501863454639468
2LGW.pdb,2LGW.pdb,wt,SYYEILDVPRSASADDIKKAYRRKALQWHPDKNPDNKEFAEKKFKEVAEAYEVLSDKHKREIYDR,4.121223276103624,0.006663258639990534
2OCH.pdb,2OCH.pdb,wt,TGYYDVLGVKPDASDNELKKAYRKMALKFHPDKNPDGAEQFKQISQAYEVLSDEKKRQIYDQ,1.182491531580148,0.01116493711364483
5UP5.pdb,5UP5.pdb,wt,QTQEFDNEEEARKAEKELRKENRRVTVTQENGRWRVTWD,3.276103757387406,-0.011224104374589044
2JTV.pdb,2JTV.pdb,wt,MATADDFKLIRDIHSTGGRRQVFGSREQKPFEDLVDLGWLKRSSVDSRATHYQITERGTSAAL,4.065721087628741,-0.002725684447218333
2MYX.pdb,2MYX.pdb,wt,GGHPVTTQMVETVQNLAPNLHPEQIRYSLENTGSVEETVERYLRGDEFSFPP,2.436835819743312,-0.02026957124601572
v2_2HDZ.pdb,v2_2HDZ.pdb,wt,AEEIWQQSVIGDYLARFKNDRVKALKAMEMTWNNMEKKEKLMWIKKAAED,3.0795635826962973,0.0049769727194349574
1QP2.pdb,1QP2.pdb,wt,MVQRGSKVRILRPESYWFQDVGTVASVDQSGIKYPVIVRFEKVNYSGINTNNFAEDELVEVEA,2.010188034082405,0.04621320630620055
1ORC.pdb,1ORC.pdb,wt,QRITLKDYAMRFGQTKTAKDLGVYQSAINKAIHAGRKIFLTINADGSVYAEEVKDGEVKPFPS,4.229108004558867,-0.01683555982166886
1QKH.pdb,1QKH.pdb,wt,VFVDDHLLEKVLELNAKGEKRLIKTWSRRSTIVPEMVGHTIAVYNGKQHVPVYITENMVGHKLGEFAP,3.748128877938719,0.02062857473058782
2MRL.pdb,2MRL.pdb,wt,DRIFMTRTEALEFLLKAHQTAVDKIGHPSHKQTPADHAAIEALDRLLLDVRARRVDQFQINASAAQIIVTD,3.7067158160140288,-0.00631272607483932
5UYO.pdb,5UYO.pdb,wt,DVEEQIRRLEEVLKKNQPVTWNGTTYTDPNEIKKVIEELRK,2.849020530500275,-0.010577548682823781
2RRU.pdb,2RRU.pdb,wt,RLIESLSQMLSMGFSDEGGWLTRLLQTKNYDIGAALDTIQ,2.430041013295716,-0.02582299971387688
2JY8.pdb,2JY8.pdb,wt,EADPRLIESLSQMLSMGFSDEGGWLTRLLQTKNYDIGAALDTIQY,2.8003095036693186,0.03588205523729975
2M0Y.pdb,2M0Y.pdb,wt,WVPTKREEKYGVAFYNYDARGADELSLQIGDTVHILETYEGWYRGYTLRKKSKKGIFPASYIHLKE,2.1165351455450048,0.010777892191448382
v2_6IVS.pdb,v2_6IVS.pdb,wt,NRLGIIYEIQGMKAVVLTSEGEFLIIRRRKDMKVGQQVSFENEDIYNV,3.8730864727732213,-0.07951481541678379
2L6Q.pdb,2L6Q.pdb,wt,VRQEELAAARAALHDLMTGKRVATVQKDGRRVEFTATSVSDLKKYIAELEVQTGM,2.807540747980789,-0.00271965840264102
2M8J.pdb,2M8J.pdb,wt,GLEHMADEEKLPPGWEKRMERSSGRVYYFNHITNASQWERPSG,3.159801881458619,-0.10543617616435512
2M8I.pdb,2M8I.pdb,wt,GLEHMADEEKLPPGWEKRMSRSSGRVYYFNHITNASQWERPSG,3.0764860235779263,-0.030685774025749946
7BPM.pdb,7BPM.pdb,wt,GTEIELESKNGQREHYTATSEDEARKIIEKAVRRGIKRIELRGASEQLIRDMQEIAKQIGLQYRTDGSL,2.3456793995480156,-0.0066204178964167325
2K1B.pdb,2K1B.pdb,wt,FAVESIRKKRVRKGKVEYLVKWKGWPPKYSTWEPEEHILDPRLVMAYEE,2.4264879644521278,0.03655328780297994
2K28.pdb,2K28.pdb,wt,AVESIEKKRIRKGRVEYLVKWRGWSPKYNTWEPEENILDPRLLIAFQNRE,2.676684220361532,0.012686441826650997
2K52.pdb_F21S,2K52.pdb_F21S,wt,DVEPGKFYKGVVTRIEKYGASINLNEQVRGLLRPRDMISLRLENLNVGDEIIVQAIDVRPEKREIDFKYIP,2.449160302236426,0.019083717146866
2K52.pdb_L42A,2K52.pdb_L42A,wt,DVEPGKFYKGVVTRIEKYGAFINLNEQVRGLLRPRDMISLRAENLNVGDEIIVQAIDVRPEKREIDFKYIP,2.4355199363413087,-0.01516930269093964
5GU9.pdb_V60D,5GU9.pdb_V60D,wt,ENVVSAPMPGKVLRVLVRVGDRVRVGQGLLVLEAMKMENEIPSPRDGVVKRILVKEGEIDDTGQPLIELG,2.3475635436783273,0.021630947339430058
5GU9.pdb_L66K,5GU9.pdb_L66K,wt,ENVVSAPMPGKVLRVLVRVGDRVRVGQGLLVLEAMKMENEIPSPRDGVVKRILVKEGEIVDTGQPKIELG,2.102793405801418,0.00446076577614462
2MKY.pdb,2MKY.pdb,wt,KDKDLLKGLDQEQANEVIAVLQMHNIEANKIDSGKLGYSITVAEPDFTAAVYWIK,2.460501735030116,0.04241484072706999
2LX2.pdb_I32A,2LX2.pdb_I32A,wt,NQESVVAAVLIPINTALTVGMMTTRVVSPTGAPAEDIPRLISMQVNQVVPMGTTLMPDMVKGYAP,4.41905797894079,0.005663284380245083
1UCS.pdb_M59K,1UCS.pdb_M59K,wt,NKASVVANQLIPINTALTLIMMKAEVVTPMGIPAEEIPKLVGMQVNRAVPLGTTLMPDKVKNYE,4.104478015033353,-9.66785632007583e-05
1OPS.pdb_T53S,1OPS.pdb_T53S,wt,SQSVVATQLIPMNTALTPAMMEGKVTNPIGIPFAEMSQLVGKQVNTPVAKGQSLMPNMVKTYA,3.5804795935647378,0.01336162831580312
5XR0.pdb_T53S,5XR0.pdb_T53S,wt,GESVVATQLIPINTALTPTMMEGKVTNPSGIPFAEMSQIVGKQVNTPVAKGQSLMPGMVKTYV,3.75955835428924,0.0115428848871625
1OPS.pdb_V44A,1OPS.pdb_V44A,wt,SQSVVATQLIPMNTALTPAMMEGKVTNPIGIPFAEMSQLVGKQANTPVAKGQTLMPNMVKTYA,3.6582469888483304,0.018402369756254637
2JT1.pdb,2JT1.pdb,wt,SIVTKIISIVQERQNMDDGAPVKTRDIADAAGLSIYQVRLYLEQLHDVGVLEKVNAGKGVPGLWRLL,3.278899191561257,0.008898974060399942
2WNM.pdb,2WNM.pdb,wt,SLSVDNKKFWATVESSEHSFEVPIYAETLDEALELAEWQYVPAGFEVTRVRPCVAP,2.540340071676821,0.0110806796412728
2O2W.pdb,2O2W.pdb,wt,GIDPFTGEAIAKFNFNGDTQVEMSFRKGERITLLRQVDENWYEGRIPGTSRQGIFPITYVDVIKRPL,3.711363617352131,-0.009372834129004548
2MI6.pdb,2MI6.pdb,wt,DYEVGESVTVMDGPFATLPATISEVNAEQQKLKVLVSIFGRETPVELTFGQVSKI,3.870309174265986,-0.00484698964203182
2K5P.pdb,2K5P.pdb,wt,MNLTVNGKPSTVDGAESLNVTELLSALKVAQAEYVTVELNGEVLEREAFDATTVKDGDAVEFLY,2.548184855123446,0.01102328025039538
3V1A.pdb,3V1A.pdb,wt,GSPLAQQIKNIHSFIHQAKAAGRMDEVRTLQENLHQLMHEYFQQ,3.2396412803154306,-0.10818366192335453
2MKX.pdb_L11A,2MKX.pdb_L11A,wt,TYYTVKSGDTANKIAAQYGVSVANLRSWNGISGDLIFVGQKLIVKKG,2.9803814188749547,0.008457403137712382
2MKX.pdb_N29S,2MKX.pdb_N29S,wt,TYYTVKSGDTLNKIAAQYGVSVANLRSWSGISGDLIFVGQKLIVKKG,3.453908098562336,-0.0004975742272137996
1UBQ.pdb_L67S,1UBQ.pdb_L67S,wt,MQIFVKTLTGKTITLEVEPSDTIENVKAKIQDKEGIPPDQQRLIFAGKQLEDGRTLSDYNIQKESTSHLVLR,3.950413998836814,-0.007749845043657981
1UBQ.pdb_L43A,1UBQ.pdb_L43A,wt,MQIFVKTLTGKTITLEVEPSDTIENVKAKIQDKEGIPPDQQRSIFAGKQLEDGRTLSDYNIQKESTLHLVLR,1.742325450952698,0.01989439446101642
1UBQ.pdb_L15S,1UBQ.pdb_L15S,wt,MQIFVKTLTGKTITSEVEPSDTIENVKAKIQDKEGIPPDQQRLIFAGKQLEDGRTLSDYNIQKESTLHLVLR,3.1303102021976446,-0.0040616834086611205
1UBQ.pdb_I3A,1UBQ.pdb_I3A,wt,MQAFVKTLTGKTITLEVEPSDTIENVKAKIQDKEGIPPDQQRLIFAGKQLEDGRTLSDYNIQKESTLHLVLR,4.217309576109146,0.0016710260440205987
1SIF.pdb_L3A,1SIF.pdb_L3A,wt,LQAFIKTLTGKTFTVEMEPSDTIENLKAKIQDKEGIPPDQQRLIFAGKQLEDGRTLSDYNIQKESTLHLVL,3.6854112576593785,-0.015548437723932199
1SIF.pdb_F13S,1SIF.pdb_F13S,wt,LQLFIKTLTGKTSTVEMEPSDTIENLKAKIQDKEGIPPDQQRLIFAGKQLEDGRTLSDYNIQKESTLHLVL,3.6982940984357113,-0.017427639848176482
6EWT.pdb,6EWT.pdb,wt,KNAAKIVNEALNQGITLFVSDNKLKYKTNRDSIPSELLEEWKQHKQELIDFLTQLES,4.254568701316117,0.07941095204824739
6EWS.pdb,6EWS.pdb,wt,KNAAQIVDEALNQGITLFVADNRLQYETSRDNIPEELLNEWKYYRQDLIDFLQQLD,3.5831329850170905,0.009496976675996615
6EWU.pdb,6EWU.pdb,wt,IDAAQIVDEALEQGITLFVVNNRLQYETSRDSIPTELLNKWKQHKQELIDFLNQLD,3.6199596268799668,0.006552212958770052
2EXD.pdb_V23S,2EXD.pdb_V23S,wt,TFELKGKVGKVVKIAEDHYLVESEGDKWIAYSDEKLSLGDRVMVVDVDGLKLKVKRIP,3.1707850129317507,-0.00751966598642638
2EXD.pdb_V54A,2EXD.pdb_V54A,wt,TFELKGKVGKVVKIAEDHYLVEVEGDKWIAYSDEKLSLGDRVMVVDVDGLKLKAKRIP,3.541340301851877,-0.0021833094658637413
2RU9.pdb,2RU9.pdb,wt,KEPPYVSSLRIEIPADIAANEALKVRLLETEGVKEVLIAEEEHSAYVKIDSKVTNRFEVEQAIRQALE,2.1501624220997995,0.0006901842160944388
2L9R.pdb,2L9R.pdb,wt,HSHMSHTQVIELERKFSHQKYLSAPERAHLAKNLKLTETQVKIWFQNRRYKTKRKQLSSEL,1.6522115707507283,0.01252734739542118
1TUC.pdb,1TUC.pdb,wt,GPREVTMKKGDILTLLNSTNKDWWKVEVNDRQGFVPAAYVKKLDSGTGKELVLALYDYQ,2.917518801693069,0.001743767071331166
5UBS.pdb,5UBS.pdb,wt,MTFKLIINGKTLKGETTTEAVDAATAEKVFKQYFNDNGIDGEWTYDDATKTFTITE,3.252929784036611,0.0023675314452817186
5UCE.pdb,5UCE.pdb,wt,MTFKAIINGKTLKGETTTEAVDAATAEKVFKQYFNDNGLDGEWTYDDATKTFTVTE,2.0727739409685464,0.02579111648776249
2ZW1.pdb_V55S,2ZW1.pdb_V55S,wt,MDTYKLILNGKTLKGETTTEAVDAATAEKVFKHYANEHGVHGHWTYDPETKTFTSTE,2.893379545377649,-0.02138830395075796
1EM7.pdb_L7A,1EM7.pdb_L7A,wt,TTYKLIANGKTLKGETTTEAVDAETAERVFKEYAKKNGVDGEWTYDDATKTFTVTE,4.168781312399338,0.020942354554766302
1EM7.pdb_V54S,1EM7.pdb_V54S,wt,TTYKLILNGKTLKGETTTEAVDAETAERVFKEYAKKNGVDGEWTYDDATKTFTSTE,2.9944724186239213,-0.01559105365275954
2ZW1.pdb_Y34A,2ZW1.pdb_Y34A,wt,MDTYKLILNGKTLKGETTTEAVDAATAEKVFKHAANEHGVHGHWTYDPETKTFTVTE,3.7941252823580607,0.01834327557421132
1GB4.pdb_F53D,1GB4.pdb_F53D,wt,MTTFKLIINGKTLKGEITIEAVDAAEAEKIFKQYANDNGIDGEWTYDDATKTDTVTE,1.7332834779705586,0.025798425329756413
1PGA.pdb_L5A,1PGA.pdb_L5A,wt,MTYKAILNGKTLKGETTTEAVDAATAEKVFKQYANDNGVDGEWTYDDATKTFTVTE,2.4651436982467874,-0.00627792800283658
1PGA.pdb_L7S,1PGA.pdb_L7S,wt,MTYKLISNGKTLKGETTTEAVDAATAEKVFKQYANDNGVDGEWTYDDATKTFTVTE,2.992150410266722,-0.021477325763659662
1PGA.pdb_T51A,1PGA.pdb_T51A,wt,MTYKLILNGKTLKGETTTEAVDAATAEKVFKQYANDNGVDGEWTYDDATKAFTVTE,3.512874679427778,-0.005998813382305719
1PGA.pdb_V39S,1PGA.pdb_V39S,wt,MTYKLILNGKTLKGETTTEAVDAATAEKVFKQYANDNGSDGEWTYDDATKTFTVTE,2.6949269343022726,-0.006245163904984202
1PGX.pdb_A27S,1PGX.pdb_A27S,wt,VTTYKLVINGKTLKGETTTKAVDAETSEKAFKQYANDNGVDGVWTYDDATKTFTVTEMV,2.7680062327839035,0.00233470664253018
1PGX.pdb_G42A,1PGX.pdb_G42A,wt,VTTYKLVINGKTLKGETTTKAVDAETAEKAFKQYANDNGVDAVWTYDDATKTFTVTEMV,2.6260720029483258,-0.00960946772649134
2JWS.pdb,2JWS.pdb,wt,LNLKQAKEEAIKELVDAGIAEKYIKLIANAKTVEGVWTLKDEILTFTV,3.5158525884122027,0.008079993860192921
1GB4.pdb_A27K,1GB4.pdb_A27K,wt,MTTFKLIINGKTLKGEITIEAVDAAEKEKIFKQYANDNGIDGEWTYDDATKTFTVTE,1.585952198050744,0.02000555748334902
2KWH.pdb,2KWH.pdb,wt,ETQAGIKEEIRRQEFLLNSLHRDLQGGIKDLSKEERLWEVQRILTALKRKLR,2.175395338133268,0.0358324431137902
2KRS.pdb_W42A,2KRS.pdb_W42A,wt,MQGVVKVNSALNMRSGPGSNYGVIGTLRNNDKVEIIKEVDGAYEIRFNGKVGYASKSYITIVN,3.062479230280325,-0.02175582197546328
2KRS.pdb_Y53S,2KRS.pdb_Y53S,wt,MQGVVKVNSALNMRSGPGSNYGVIGTLRNNDKVEIIKEVDGWYEIRFNGKVGSASKSYITIVN,2.519447407869259,-0.0060514481561473816
2KT8.pdb_G54S,2KT8.pdb_G54S,wt,AEKTGIVNVSSSLNVREGASTSSKVIGSLSGNTKVTIVGEEGAFYKIEYKGSHSYVAKEYIKDIKDE,3.5398893849593316,-0.00307603649168106
2KT8.pdb_V15A,2KT8.pdb_V15A,wt,AEKTGIVNVSSSLNAREGASTSSKVIGSLSGNTKVTIVGEEGAFYKIEYKGSHGYVAKEYIKDIKDE,2.1239890991960815,-0.019037608907568736
2KYB.pdb_K55A,2KYB.pdb_K55A,wt,TGIVNVSSSLNVRSSASTSSKVIGSLSGNTKVTIVGEEGAFYKIEYKGSHGYVAAEYI,3.175446062662213,0.01814155661047439
2KYB.pdb_G2S,2KYB.pdb_G2S,wt,TSIVNVSSSLNVRSSASTSSKVIGSLSGNTKVTIVGEEGAFYKIEYKGSHGYVAKEYI,3.522708993394461,0.010217326695660561
2L09.pdb,2L09.pdb,wt,NLRWTSEAKTKLKNIPFFARSQAKARIEQLARQAEQDIVTPELVEQARLEFG,3.0553530754222975,-0.01055500322068212
2KRU.pdb,2KRU.pdb,wt,ELSWTAEAEKMLGKVPFFVRKKVRKNTDNYAREIGEPVVTADVFRKAKEHLG,3.791528397820847,0.0036989605878225986
2M2L.pdb,2M2L.pdb,wt,TFEVERIVRKKIVHGNTSYLVKWKNYSSKDNTWETEDDIRTKYGDLVDDFEK,2.282112959159944,0.020145639727964848
2L8D.pdb,2L8D.pdb,wt,MGMPNRKYADGEVVMGRWPGSVLYYEVQVTSYDDASHLYTVKYKDGTELALKESDIRLQS,3.5390363740493864,0.009993136107809985
2JZ2.pdb,2JZ2.pdb,wt,MIFPGATVRVTNVDDTYYRFEGLVQRVSDGKAAVLFENGNWDKLVTFRLSELEAVK,3.357059733618365,0.0033431871920704807
v2_4UZX.pdb,v2_4UZX.pdb,wt,SPEEIKAKALDLLNKKLHRANKFGQDQADIDSLQRQINRVEKFGVDLNSKLAEELGLV,2.5596277403996632,-0.06352376012766231
1WCL.pdb,1WCL.pdb,wt,EAHAAIDTFTKYLDIDEDFATVLVEEGFSTLEELAYVPMKELLEIEGLDEPTVEALRERAKNALATIAQ,3.0452522135342135,-0.14902033574857776
2MLB.pdb_L43D,2MLB.pdb_L43D,wt,DTINITLPDGKTLTLTVTPEFTVKELAEEIARRLGLSPEDIKDTHNGKTLDPSLTLAEYGITPGSTITLEIK,4.1257898433981355,0.011987252131414999
2M2J.pdb,2M2J.pdb,wt,HAATELTPEQAAALKPYDRIVITGRFNAIGDAVSAVSRRADEEGAASFYVVDTSEFGNSGNWRVVADVYKA,2.4153642510222957,0.0005590716088019672
v2K43S_2KVV.pdb,v2K43S_2KVV.pdb,wt,EEWMVEKALMVRTGLGARQIESYRQGAWIEGVHFKRVSPSGESTLRGTTWYNYPEINKFIR,3.5318994636156043,0.00600159179195936
2LHR.pdb,2LHR.pdb,wt,YNLQKLLAPYHKAKTLERQVYELEKLQEKLPEKYKAEYKKKLDQTRVELADQVKS,2.059069395478266,0.006096604965142835
6NS8.pdb_L8K,6NS8.pdb_L8K,wt,GSVVKEKKEKALIEVRPYVEYYNELKALVSKISSSVNDLEEAIVVLREEEKKASEPFKTDIRILLDFLES,2.3398469789239735,-0.01070577426699132
2KVT.pdb,2KVT.pdb,wt,PREAYIVTIEKGKPGQTVTWYQLRADHPKPDSLISEHPTAQEAMDAKKRYED,4.153893409903873,-0.026451928169511696
2LVN.pdb,2LVN.pdb,wt,QLNAMAHQIQEMFPQVPYHLVLQDLQLTRSVEITTDNILEGRIQVP,2.285068165530258,0.003763687962555768
4G3O.pdb,4G3O.pdb,wt,YFQGQLNAMAHQIQEMFPQVPYHLVLQDLQLTRSVEITTDNILEGRI,2.345693049595885,-0.013022166709231982
1TG0.pdb,1TG0.pdb,wt,EVPFKVVAQFPYKSDYEDDLNFEKDQEIIVTSVEDAEWYFGEYQDSNGDVIEGIFPKSFVAVQG,2.4267863691159497,0.050532440373176245
2N7Y.pdb,2N7Y.pdb,wt,QVATSTVRILGMTCQSCVKSIEDRISNLKGIISMKVSLEQGSATVKYVPSVVCLQQVCHQIGDMGFEASIAE,4.060311008371298,-0.033174174321139366
2MCH.pdb,2MCH.pdb,wt,HHHHHGSGALAALHAEGPLAGLPVTRSDARVLIFNEWEERKKSDPWLRLDMSDKAIFRRYPHLR,3.611658611512111,-0.0027595083428162163
2MCK.pdb,2MCK.pdb,wt,HHGSGALAALHADGPHAGLPVTRSDARVLIFNDWEERKRSEPWLRLDMSDKAIFRRYPHLR,2.463471712083929,0.04898318601322682
1K1V.pdb,1K1V.pdb,wt,LTDEELVTMSVRELNQHLRGLSKEEIIQLKQRRRTLKNRGY,1.964320239569502,0.014109913854991238
1F0M.pdb,1F0M.pdb,wt,SFNTVDEWLEAIKMGQYKESFANAGFTSFDVVSQMMMEDILRVGVTLAGHQKKILNSIQVMRAQMN,4.417133696260453,0.00460411531895162
2B88.pdb_pross3,2B88.pdb_pross3,wt,NKFNKELQWATWEILNLPNLNEEQVKAFIDSLRDDPSQSANLLAEAKKLNDAQA,3.4682705132207587,0.0
2KZI.pdb_pross1,2KZI.pdb_pross1,wt,NKFNKEMRNAYWEILLLPNLNEQQKRAFIRSLYDDPSQSANLLAEAKKLNDAQA,3.7466992009093367,0.0
1LP1.pdb,1LP1.pdb,wt,KFNKELSVAGREIVTLPNLNDPQKKAFIFSLWDDPSQSANLLAEAKKLNDAQAPK,1.756365430327547,0.01209462603161166
2B88.pdb,2B88.pdb,wt,NKFNKELGWATWEIFNLPNLNGVQVKAFIDSLRDDPSQSANLLAEAKKLNDAQA,2.364327961436749,0.02898338162409706
2KZI.pdb_pross2,2KZI.pdb_pross2,wt,NKFNKEMRNAYWEILHLPNLNEEQKNAFIQSLYDDPSQSANLLAEAKKLNDAQA,3.0410915658560667,0.0
2B88.pdb_pross4,2B88.pdb_pross4,wt,NKFNKELQWATWEILNLPNLNEEQVKAFIDSLKDDPSQSANLLAEAKKLNDAQA,3.3482399986230025,0.0
2B88.pdb_pross1,2B88.pdb_pross1,wt,NKFNKELQWATWEIFNLPNLNEEQVKAFIDSLRDDPSQSANLLAEAKKLNDAQA,3.3066852810160423,0.0
v2_2M5A.pdb,v2_2M5A.pdb,wt,VDNKFNKEQQNAFYEILHLPNLNEEQRNAFIQSLKDDPSQSANLLAEAKKLNDAQA,3.5939292684775324,0.005197488761981418
2B88.pdb_pross7,2B88.pdb_pross7,wt,NKFNKEQQWATYEILNLPNLNEEQRKAFIDSLKDDPSQSANLLAEAKKLNDAQA,3.060420774926736,0.0
v2_2LDM.pdb,v2_2LDM.pdb,wt,SEFQINEQVLASWSDSRFYPAKVTAVNKDGTYTVKFYDGVVQTVKHIHVKA,2.204755180640631,-0.027852796383302382
2MXD.pdb,2MXD.pdb,wt,ALRDDEYDEWQDIIRDWRKEMTVQQFLDLKERALSGASDPDSQRYNAWLELRA,3.864639826722937,-0.05572714195113947
2J6K.pdb_pross9,2J6K.pdb_pross9,wt,VDYIVEYDYDAQHDDELTIRKGDIIKNVKKLEEEGWLEGELNGKRGMFPDNFVKEIK,2.928705995474555,0.0
1TUD.pdb,1TUD.pdb,wt,RQGFVPAAYVKKLDSGTGKELVLALYDYQEKSPREVTMKKGDILTLLNSTNKDWWKVEVN,4.03163915816691,-0.0014715491778152998
1R69.pdb,1R69.pdb,wt,SISSRVKSKRIQLGLNQAELAQKVGTTQQSIEQLENGKTKRPRFLPELASALGVSVDWLLN,3.1651240917777654,-0.01940191826539222
6M3N.pdb,6M3N.pdb,wt,TFTSIVTTNPDFGGFEFYVEAGQQFDDSAYEEAYGVSVPSAVVEEMNAKAAQLKDGEWLNVSHE,2.168854078000745,0.03268700057221021
5JRT.pdb,5JRT.pdb,wt,FSITQFVRNLGLEHLMDIFEREQITLRVLVEMGHKELKEIGINAYGHREKLIKGVERLI,3.8770253633294516,0.0068631470305136645
2JN4.pdb,2JN4.pdb,wt,MKVMIRKTATGHSAYVAKKDLEELIVEMENPALWGGKVTLANGWQLELPAMAADTPLPITVEARKL,2.655469967553875,-0.0029127020740005154
1W4G.pdb,1W4G.pdb,wt,NRRVIAMPSVRKWAREKGVDIRLVQGTGKNGRVLKEDIDAFLAG,2.697167719418357,0.006209539310559541
2WXC.pdb,2WXC.pdb,wt,NNDALSPAIRRLLAEWNLDASAIKGTGVGGRLTREDVEKHLAKA,2.4030351977889333,0.045021703146409964
6ACV.pdb,6ACV.pdb,wt,VSVELPAPSSWKKLFYPNKVGSVKKTEVVFVAPTGEEISNRKQLEQYLKSHPGNPAIAEFDWTTSG,2.7804810814339076,-0.004600061209539541
2K5H.pdb_G23A,2K5H.pdb_G23A,wt,AVSDRLIGRKGVVMEAISPQNSALVKVDGETWRATSGTVLDVGEEVSVKAIEGVKLVVEKLE,1.6035108734745158,-0.0024582434508417803
2K5H.pdb_G11S,2K5H.pdb_G11S,wt,AVSDRLIGRKSVVMEAISPQNSGLVKVDGETWRATSGTVLDVGEEVSVKAIEGVKLVVEKLE,1.8045603716613186,-0.01533191162600756
1AOY.pdb,1AOY.pdb,wt,QEELVKAFKALLKEEKFSSQGEIVAALQEQGFDNINQSKVSRMLTKFGAVRTRNAKMEMVYCLPAELGV,3.440515090186552,0.023530735303161444
1UZC.pdb,1UZC.pdb,wt,TYTWNTKEEAKQAFKELLKEKRVPSNASWEQAMKMIINDPRYSALAKLSEKKQAFNAYKVQTE,2.2669341601392943,0.02353368658382394
1VII.pdb,1VII.pdb,wt,MLSDEDFKAVFGMTRSAFANLPLWKQQNLKKEKGLF,2.3560599093876813,0.0038205449336003276
2M8E.pdb,2M8E.pdb,wt,DLRKKIVDLHKSGSSLGAISKRLKVPRSSVQTIVRKYK,1.8532327593562403,0.00803803121918018
EEHEE_rd4_0481.pdb,EEHEE_rd4_0481.pdb,wt,KTVHVNGVQYDFDNPEQAERFAKEMAKKAGLQIQFHGDQIKIE,1.4952283229229713,-0.2841593205053084
EEHEE_rd4_0470.pdb,EEHEE_rd4_0470.pdb,wt,MTVRVDGVDYEFSSLEEAVRFALKMAKSKGAEVQLHNGTFHVE,2.6703834394248744,-0.18207347497443052
EEHEE_rd3_1702.pdb,EEHEE_rd3_1702.pdb,wt,TTIHVGDLTLKYDNPKKAYEIAKKLAKKYNLTVTIKNGKITVT,2.377554765625999,0.03627575550189963
EEHEE_rd4_0418.pdb,EEHEE_rd4_0418.pdb,wt,QTVQFNGLEYHFPNPEEAEKFAKKVAKELGGEVRVKDGRWQID,2.746896364665781,-0.1353197570514938
EEHEE_rd3_0144.pdb,EEHEE_rd3_0144.pdb,wt,TKVFYNGTYVEFNNPEKAKKYAEKVAKKVGGTFTEKNGQFHVE,3.2012484119642157,-0.10081584592011802
EEHEE_rd4_0256.pdb,EEHEE_rd4_0256.pdb,wt,LTVQLGNLEWHFDNPEQALKMAEELAKRYQLKVEIDNGTLKFK,2.499466291272967,-0.015180308395626983
EEHEE_rd3_1627.pdb,EEHEE_rd3_1627.pdb,wt,GTVHVGDKTYHFPTPDAAKKFAQEIAKKLNLQVTVKNGTWQVH,3.2005857034285667,0.06632802122795527
EEHEE_rd3_0657.pdb,EEHEE_rd3_0657.pdb,wt,GQVNVNNTTYTFPTPKLAKEFAQKAAKKYNLTVHVSGNTVTVK,2.5866951163871366,0.053068133885627665
EEHEE_rd4_0424.pdb,EEHEE_rd4_0424.pdb,wt,TTVHLNGVTYTFPNPEEARKFVEKLAKTLNLKVEVHNGTYHIE,3.229804105675672,0.006472004489295385
EEHEE_rd4_0784.pdb,EEHEE_rd4_0784.pdb,wt,KTVHVDGVEYRFNNPEEADKFVKRLVKEKNGNVEVRGDTYHVE,1.3694927741046086,-0.022608454352331525
EEHEE_rd4_0763.pdb,EEHEE_rd4_0763.pdb,wt,LTVHVGNVTYHFDNPEQAEEWAKRMAKKYQGQIHVKDGQFRIE,2.363945847635993,0.0355604611419672
EEHEE_rd3_1049.pdb,EEHEE_rd3_1049.pdb,wt,TTVKLGDIKVTFDNPEKAKKYAQKLAKIYQLTVHVHGDTIHVK,2.413877916554618,-0.1471513926104782
EEHEE_rd3_1810.pdb,EEHEE_rd3_1810.pdb,wt,TTVKVNGTKYKFDTPEEAQKFAKKAADKYNLKVVVDGDDLRVE,1.8442833787528226,0.027467881635605946
EEHEE_rd3_1587.pdb,EEHEE_rd3_1587.pdb,wt,QTIHNGDQTYHYDNPEEAIKVAQKLAKIYNLTVTVKGNTVQVH,1.5038078258212728,0.0258783224927018
EEHEE_rd3_1558.pdb,EEHEE_rd3_1558.pdb,wt,HYVEVNGKKIQATSAEEAEKIAKKFAKIYNATVLDLGNYYKVT,1.8706584533589252,-0.00831659034341635
EEHEE_rd4_0363.pdb,EEHEE_rd4_0363.pdb,wt,VTVDIKGMEYHFDNPEEAKKFAERMAKELGGELKVENGTLKVE,2.5851055876068165,0.05005022598979858
EEHEE_rd4_0371.pdb,EEHEE_rd4_0371.pdb,wt,VTVHVNRYTYHFDNPEEAEKFAREMAKRLNMTVEIHGNTLKVE,3.2877819940998836,-0.11543049805420061
EEHEE_rd4_0469.pdb,EEHEE_rd4_0469.pdb,wt,ITIHVNGVTYHFDNPEEAEKFAQKMAKTYQLKMEIHNGEFHME,1.4934309507813448,-0.02457638489266917
EEHEE_rd3_1498.pdb,EEHEE_rd3_1498.pdb,wt,GTLHLNGVTVKVPSLEKAIKAAKKFAKKYNLEVQVHGNTVHVH,1.6961719157340396,0.0181030722935645
EEHEE_rd3_1367.pdb,EEHEE_rd3_1367.pdb,wt,TFVEFNGKKVEYPTPEAAEKAAKKLAKKLNLKVTKKNGNYKLE,2.5745592003270703,0.016146800144368728
EEHEE_rd3_1058.pdb,EEHEE_rd3_1058.pdb,wt,GTVKVQGITIKVPNPDKAYKIAKKLAKKYNLTVTRKGNTIKVE,1.3752214503899685,0.03628164219224961
EEHEE_rd4_0003.pdb,EEHEE_rd4_0003.pdb,wt,KKVTINGVEIKFNNPEEAVKFALELAKRLNLRIEFHGDQIKIE,3.134702707283608,-0.16226584681641248
EEHEE_rd3_1817.pdb,EEHEE_rd3_1817.pdb,wt,TTVVVGNKKYTFDNPEAAEKFAKKVAKKLGATVHKTNGTFKVK,2.9063054376848787,0.14500264208067934
EEHEE_rd3_0146.pdb,EEHEE_rd3_0146.pdb,wt,QTVVIGDTTYHLNNPEAAQQIAKELAKKYGLKVVISGNTIKLK,1.1434433787123697,0.019207806359501187
EEHEE_rd3_0094.pdb,EEHEE_rd3_0094.pdb,wt,SQVHIGNTTFTFDNPEKAQKYAEKYAKKKGLTVQKNGDVWTVE,1.5884119939392407,-0.04365272165321682
EEHEE_rd3_0019.pdb,EEHEE_rd3_0019.pdb,wt,GQVHVGDTTYHFPNPEEARKFAEKAAKENNLQVTQHGNTFKVE,2.09133342154928,-0.031369323081188484
EEHEE_rd2_0770.pdb,EEHEE_rd2_0770.pdb,wt,TTLTVNTQTYTFTSEEEAREFARRYGAKTIRKTNGTWEVHG,2.3264502147587716,0.006280776519089555
EEHEE_rd4_0647.pdb,EEHEE_rd4_0647.pdb,wt,MQVTWGNVTVTFSNPEEAKKYAEKVARKLGGQVELHNGQFRIK,3.4228883478845527,0.004901601343182675
EEHEE_rd4_0794.pdb,EEHEE_rd4_0794.pdb,wt,TTVHVNGVTYHFPNPEEAKKFVDRVVKEAGLTVEVKGNQWDVE,2.12620542941289,-0.03127026796425771
EEHEE_rd3_0602.pdb,EEHEE_rd3_0602.pdb,wt,TTIEWNGTKITVDNPQKAKELAKKIAKKLGLTVKVHGNTITIE,2.713942666805124,-0.08516790730205272
EA|run3_1140_0005.pdb,EA|run3_1140_0005.pdb,wt,FHVTIHVGDITFHIHGVSEEEVKKLEELVRRGADWREIKKTIEEIEK,3.9549529254692133,0.0022153390415185826
EA|run3_0525_0006.pdb,EA|run3_0525_0006.pdb,wt,SHFELRVGTITLHFDNISEELAEELEKLAKNGVHADEIRRWWEEWLK,3.9034273982933074,-0.048394416755439366
EA|run3_0321_0005.pdb,EA|run3_0321_0005.pdb,wt,HDVTIHAGDKTIHVHGASEEFLRIIEQAKRDGIHEEELLRLIEELVK,3.319812356255595,6.867716363651994e-05
GG|run4_0467_0002.pdb,GG|run4_0467_0002.pdb,wt,LTVEVTLDGRRIELHGLSEEAHEILRHALERNADDKEIKKILEELRK,2.6227892911257085,0.00372865132408036
GG|run3_0687_0004.pdb,GG|run3_0687_0004.pdb,wt,TDVTFHVNGRNLHLKGADEELLRRIEELIRRGADIEELEKAVKEWEK,2.841408160761773,-0.00440212467493514
GG|run5_0650_0005.pdb,GG|run5_0650_0005.pdb,wt,DTLHVTQDGKHIELRGLSEEEIKLVEELLRRGRKVEEALKIIEELRK,3.7304603555088844,0.020604392997126197
EA|run2_0290_0001.pdb,EA|run2_0290_0001.pdb,wt,LELTLRVGDKTWHFKDVDEEFVRHLEELLKRGAHEREIEEIIREWLR,4.436466330437794,0.02034345111590986
EA|run5_0050_0004.pdb,EA|run5_0050_0004.pdb,wt,TEVDLHLGDITIKLKDVSEEIVKRAKELFKNGWSAEFVKKWIEEAVK,4.223131446889155,0.03235327429008006
EA|run5_1055_0002.pdb,EA|run5_1055_0002.pdb,wt,TTFEIRVGDLRITLHNADEEEIRWAEEALRRGIHADEILRTLEERRR,2.82637833015458,-0.019679198793635937
EA|run6_1429_0006.pdb,EA|run6_1429_0006.pdb,wt,STVKVRLGHLEVTLHNVSEEDVRELRELWKNGADEEDLRRWLEEWKK,4.126278703471078,0.0014528476957084008
EA|run7_1572_0002.pdb,EA|run7_1572_0002.pdb,wt,DRHTIHIGDITIHLEGFSEEELKLAEELIKRGIHLEEVKRILEELYR,2.82442768860832,-0.020158195297202218
GG|run6_0775_0006.pdb,GG|run6_0775_0006.pdb,wt,SDYEVNVNGIHHRFHNISEELIKFIEEALRRGEDLREIIKKVRELLG,4.032803864968281,0.006414166138031058
GG|run5_1309_0004.pdb,GG|run5_1309_0004.pdb,wt,HSLRVHINGKDFEVHNADEHVIRALEELIRRGADADELKEFLERWKG,3.213402120360679,-0.01251342702572486
GG|run1_1390_0006.pdb,GG|run1_1390_0006.pdb,wt,TTLHFDLDGKKLQYTGVSEEIARLVEELKRRGVDLKEIVRILEELLK,4.257959090045751,-0.01736033095946346
GG|run3_0695_0006.pdb,GG|run3_0695_0006.pdb,wt,TEIRININGVTIHVRDASEELKKLIEHLLRLGADEKEIREVLHRWEK,3.581944213699944,0.017667738953438223
GG|run3_1315_0003.pdb,GG|run3_1315_0003.pdb,wt,GHYRIRINGREFEIRGISEEEIRHLEEALRNGADEKILKEIVDRLRG,3.18260338199644,0.01673731695916754
GG|run3_1365_0003.pdb,GG|run3_1365_0003.pdb,wt,DEIHIHFNGVTIEFRGLTEEAKKALEEAIKRGASEEELKELARRLIK,3.055741828663469,-0.015851380479181477
GG|run2_0085_0001.pdb,GG|run2_0085_0001.pdb,wt,DHWHVHIDGERIRLDGASEEFIRTLEELIRRGTDARELKEIIKEYLR,4.288876802685396,0.0017339561382664597
GG|run5_1147_0004.pdb,GG|run5_1147_0004.pdb,wt,LDITFHVDGKNIHVHGASEEVVRIIEELIKNNARAEEIKETLERLLR,3.171344714574622,-0.02754427263200171
GG|run6_0851_0003.pdb,GG|run6_0851_0003.pdb,wt,DRYEFNINGVHFTIDDAEEELIKLIEELLKRGARAEEIEEVIRRWER,4.215211189198703,0.002901631812912521
GG|run3_0396_0003.pdb,GG|run3_0396_0003.pdb,wt,DSWHDTVDGIELELHGADEELLKLAKELLKRGVSEEEVRRIIEELLK,3.4635917417924182,-0.046739501005793715
EA|run2_0325_0005.pdb,EA|run2_0325_0005.pdb,wt,DEVTIHLGDKTIRVDGLDKELLEILKELARRGADEEELRKEIERWER,3.2055836128384985,-0.10932630223665174
XX|run10_1081_0004.pdb,XX|run10_1081_0004.pdb,wt,SDFTIRIGDRTLHLKNVSEEILKILEELLRRGIDFEELRKIVEELIK,4.249471620009025,0.028206222219050735
GG|run6_1310_0004.pdb,GG|run6_1310_0004.pdb,wt,DEVRLHVNGHTIEFRGIDEEIFKILEEAAKRGADEEELRRLAEKLLR,2.6126433773264166,-0.008178627955523318
XX|run8_1098_0003.pdb,XX|run8_1098_0003.pdb,wt,HDTTVHINGLRIEVHGASEEILKWIEEAARRGVEAEEIKRWVEEALK,2.7438727676692976,-0.005383930855288282
XX|run8_1063_0003.pdb,XX|run8_1063_0003.pdb,wt,DDWEIHFNNITIRLHGVSEEQIEELKELIKNGAHEEELRKWAEEVNR,2.607441343894679,-0.043821278749077125
XX|run7_0974_0003.pdb,XX|run7_0974_0003.pdb,wt,DDVELRDGDWRVELKDADEEILRAVEEAIKNGASEQELRELAERLIR,1.8569473643575862,-0.06423414523051493
XX|run6_1081_0004.pdb,XX|run6_1081_0004.pdb,wt,SKDTIRINGIDIDVKDLHEEWKRLVEEALKRGDEELAIELLERALKE,3.6276797553247726,0.02142030582415238
XX|run6_1020_0004.pdb,XX|run6_1020_0004.pdb,wt,IDVRFTVNGLDVTVRVRTEEIAERVKELAKNGVDWREIQRIAEELNK,4.0404610735612625,0.07551933954510608
XX|run8_0733_0006.pdb,XX|run8_0733_0006.pdb,wt,TTITITINGEELRIRGDHEEIHKILKAWEEDHNDEEIVRLIRELAER,3.1103270367583478,-0.0013791006789899787
XX|run5_0283_0004.pdb,XX|run5_0283_0004.pdb,wt,TELRLDINGREIKVDGADKETLKELLKLAEKNNDEKAIRIIRHLLER,2.5086241591776646,-0.02026244706332028
XX|run3_1384_0005.pdb,XX|run3_1384_0005.pdb,wt,LHIEINVNGLRIELHNVSEELAERIREILEKVDDREEARRLAEELIK,3.608018560492014,-0.01647020615881526
XX|run1_0461_0006.pdb,XX|run1_0461_0006.pdb,wt,WEITFERNGKRITVRTTDHRLLELFEKLWRNGADERELERLAEEINR,3.8433634983410543,0.003470525684084183
XX|run1_0455_0002.pdb,XX|run1_0455_0002.pdb,wt,DHWEIRVGDITIHLKDVDEEIIRWVEEALRNGDDLEEIKRWVEEVLR,3.0354754937351904,0.004783340370201019
XX|run1_0367_0004.pdb,XX|run1_0367_0004.pdb,wt,DEFHFHWNGRDIRVRGDSEELRRLIEAIKRGELSEEEIERAIEILER,3.9127057616749994,-0.006822674469529241
XX|run1_0254_0003.pdb,XX|run1_0254_0003.pdb,wt,PDFTLHWNGITIHFKGIDEEQFRHLRELLDRGVSLEELEELAKELIK,3.86904496256295,0.0015211788053197599
XX|run5_0690_0002.pdb,XX|run5_0690_0002.pdb,wt,SRHTFEINGERWTVEGVSEELKEILRAAERASNDEAERLLRLALKLI,3.3043039309763507,0.006197860462689539
EHEE_rd4_0840.pdb,EHEE_rd4_0840.pdb,wt,KMTIRVKGKELARRIAKEMKDRNLKVEIHEHGDEVILEIE,1.7727893368911214,-0.007044735340982473
EHEE_rd2_0601.pdb,EHEE_rd2_0601.pdb,wt,TYTYKLTDEEASRRAEDEWRNRGYDVRVRNNNGTWEVEVR,1.734098741680167,0.054686666669482346
EHEE_rd4_0044.pdb,EHEE_rd4_0044.pdb,wt,RYTFRTRGPEQMKRVVEWARRQNLSYRVEVHGDEYIIHAE,2.6015236989776875,0.022499606977027995
EHEE_rd4_0098.pdb,EHEE_rd4_0098.pdb,wt,KWTITVQGEEAIKWAIKVAEARNLDYTVHIDGDQAHITIE,2.0208594153209676,0.00455868179641436
EHEE_rd4_0394.pdb,EHEE_rd4_0394.pdb,wt,AITFRFEGQEKAKKFYEKLMRQNLEATIHIHGDEVHVTVH,1.825174953957766,0.045426990625822325
EHEE_rd4_0726.pdb,EHEE_rd4_0726.pdb,wt,DIEITTNGEEDAKRVIKELQKRNLEYHIEVHGNQWVIKVR,2.569055589331896,0.04484733516725103
EHEE_rd4_0864.pdb,EHEE_rd4_0864.pdb,wt,EETYEVDGEEQLKKVEKMLRDRNLDVEVEIHNGKFVIRAK,1.1339662607521972,-0.13879061720793945
EHEE_rd4_0463.pdb,EHEE_rd4_0463.pdb,wt,SEHYTFDGEEQAIRFMRDMEAKNLKYELQIHNGKYIIQVD,2.682591638794373,0.021701293478306675
EHEE_rd3_0067.pdb,EHEE_rd3_0067.pdb,wt,TTQFTVHSPEQAEQWKEYAKQKGLEVHVQKKNGTWHVTIH,2.7003575162077516,0.05199435533047374
EHEE_rd4_0325.pdb,EHEE_rd4_0325.pdb,wt,RLHIEVEGTELMKKLVEEAKRRNLNVRAKVENGKWIIEID,2.222823324895869,0.10713296539178174
EHEE_rd4_0300.pdb,EHEE_rd4_0300.pdb,wt,KVTYHVPNEEFARKLYKKAVDANLNVEIRVENGQFIIHIE,1.7522798625024443,0.10569112981870457
EHEE_rd4_0195.pdb,EHEE_rd4_0195.pdb,wt,KITVTFNGEEKARRYYKKMQKHNLKVEIRVENNQWVVHVE,3.1004431515806883,0.08745019311029636
EHEE_rd4_0172.pdb,EHEE_rd4_0172.pdb,wt,EVHFESHGEEQAMRVVKMLKKRNLTVEVKVENNKWIITAK,1.7846523439819404,-0.02166464641002883
EHEE_rd4_0086.pdb,EHEE_rd4_0086.pdb,wt,EIHIRTNGEEQARKVYKMLAKRNYDVKIEQHNGQWVVTAS,2.159592807899192,0.033474505689012474
EHEE_rd2_0487.pdb,EHEE_rd2_0487.pdb,wt,TETYKYDDKREAEKAAEEFRRRGITVTVEERNGTWVLESK,2.9230936060924404,0.0045856488007420156
EHEE_rd3_0053.pdb,EHEE_rd3_0053.pdb,wt,TYTFKVDNKDQAKKAAKWAKKLGLSFQIEKHGDTFKITVQ,2.7273788957574134,-0.012227924754105281
EHEE_rd3_0035.pdb,EHEE_rd3_0035.pdb,wt,TEHYTFHTEEQAQRAAKKFKKQGLPVTIHEKNGKFTLQVN,2.3816662497874055,-0.018659109447782585
EHEE_rd2_1257.pdb,EHEE_rd2_1257.pdb,wt,EEERTFTNEEEARKAKKEAEKRGLRVTVTKDGTTWRVRIG,1.9773626920859448,-0.013248090776037925
EHEE_rd4_0340.pdb,EHEE_rd4_0340.pdb,wt,EINVTSHGEEQAKHWIELAKRMNLDVEVEIHGDKIIITIK,1.3740919512513181,0.026936971200613082
EHEE_rd2_0372.pdb,EHEE_rd2_0372.pdb,wt,ETEYTFDDKREADRAAKEAQNNGLRVHVTKDGNRWKVRID,2.9471241748056296,-0.013128202340188348
EHEE_rd2_0751.pdb,EHEE_rd2_0751.pdb,wt,TETYETTDETEARKIAEELKRRGLTFRIERHGTTIRIESD,1.6719551436711309,-0.03688339652881195
EHEE_rd2_0191.pdb,EHEE_rd2_0191.pdb,wt,TTEYTFTDDEEARRAIEELKKRGLTFRYEKHGTTWRVRVD,2.2119107710999346,0.04661597576879916
EHEE_rd2_0152.pdb,EHEE_rd2_0152.pdb,wt,TETRTFTDEREARRFEQEARDNGKDVQVRESNGKFEVRVK,2.031526650867923,-0.06287601977666689
EHEE_rd1_0407.pdb,EHEE_rd1_0407.pdb,wt,SQTQRTQDENEARRIAEEWKRRGYDVEVRNRNGHWEVTWD,3.0735277398135494,-0.05246138418931878
EHEE_rd2_0628.pdb,EHEE_rd2_0628.pdb,wt,TETYTFDSEDQAEEFAQRAQKKGYTVEKRKENGKFKVRVE,2.97573687224956,0.026577470157546947
EHEE_rd2_0196.pdb,EHEE_rd2_0196.pdb,wt,TETRTFDSEEEAKKAQKEAEKQGRTVTITRRDDRWEVRFD,3.220670474257955,0.0015538169647754656
EHEE_rd1_0101.pdb,EHEE_rd1_0101.pdb,wt,TETREFDNEEEARKEAERLRRKGQDVQIRKKGNRWELRRT,2.4597249315327017,-0.021613861337518796
HEEH_rd4_0097.pdb,HEEH_rd4_0097.pdb,wt,DVEEQIRRLEEVLKKNQPVTWNGTTYTDPNEIKKVIEELRKSM,3.274619201750846,-0.0820297405019053
HEEH_rd4_0349.pdb,HEEH_rd4_0349.pdb,wt,DWREIAKLAEEALKKQQPVTVNGQTFNDPNEIKKLLETAQKAI,2.7101019538243247,-0.0843595248869483
HEEH_rd3_0223.pdb,HEEH_rd3_0223.pdb,wt,TIDEIIKALEQAVKDNKPIQVGNYTVTSADEAEKLAKKLKKEY,1.2450304990482615,-0.03750868976580781
HEEH_KT_rd6_3632.pdb,HEEH_KT_rd6_3632.pdb,wt,DAEELIELVERALKEGREIILLGVRITSEEAGKWFIEWIRRFL,4.126893071405477,0.0185033615429265
HEEH_KT_rd6_1415.pdb,HEEH_KT_rd6_1415.pdb,wt,SEEELEEFAKEVLRRGITIIVNGIRITEVEIFVKVLREILEKR,2.8265363038955833,-0.09489541277205778
HEEH_KT_rd6_0790.pdb,HEEH_KT_rd6_0790.pdb,wt,SEEEEEEWRRAKERGEEIIILGILWKPNDEEAERRIKEALRRV,2.4094678450027915,0.019016745749013263
HEEH_KT_rd6_0200.pdb,HEEH_KT_rd6_0200.pdb,wt,DEETLERIAKELKEKGWTLIVNGKLITDAREALKWLLEEEERR,1.8861995486489733,-0.018788215604995235
HEEH_rd4_0094.pdb,HEEH_rd4_0094.pdb,wt,IEEVKKIVSEIQSKQLTRITINGNTYQVNSPEELVEYVRKVFS,2.5550238995824084,0.02671700770159421
HEEH_KT_rd6_0007.pdb,HEEH_KT_rd6_0007.pdb,wt,SIEEEIKKAEEAKEKGKTFIHGDFVATTEELLDELLKRLRKKL,1.4339204028331936,0.032849047612730276
HEEH_KT_rd6_0280.pdb,HEEH_KT_rd6_0280.pdb,wt,SEIVKHAEEALERGEFVRIEHNGRVIEIRNEEALEELRRWVEK,2.8835333322509595,-0.0754518579804726
HEEH_KT_rd6_0793.pdb,HEEH_KT_rd6_0793.pdb,wt,TEEFVRLWREAVRHNQTLHWNGTDFIPGDEWAEEFARREEEKL,2.6488236549417796,-0.00852695023176805
HEEH_KT_rd6_0746.pdb,HEEH_KT_rd6_0746.pdb,wt,DEEIEKWIETLLKRNISLRVNGKDLEIGSEEFKEWVEKFIKEV,2.3953549988499496,0.030559566598732678
HHH_rd2_0158.pdb,HHH_rd2_0158.pdb,wt,PQEEYKKRAKKALKKGDEDTAREALKRAGLSPDQAEEFIRRFL,3.75725204491283,0.06121723953713588
HHH_rd2_0155.pdb,HHH_rd2_0155.pdb,wt,PPDDERKKAEKAARSGNEEKAREILERLGYSEDEARELAKRLR,2.162513592015673,0.01745234321361855
HHH_rd1_0142.pdb,HHH_rd1_0142.pdb,wt,RKWEEIAERLREEFNINPEEAREAVEKAGGNEEEARRIVKKRL,3.3299879238622685,0.017463491527540946
HHH_rd1_0196.pdb,HHH_rd1_0196.pdb,wt,NDEAKKEAEKLWKNNKSEDEIKERLERAGISPDEAEQWLQELR,1.6655228641383482,-0.16695084157560094
HHH_rd1_0578.pdb,HHH_rd1_0578.pdb,wt,DENEERIRAFALYKGIDPEKARELWERGEINKDDEEKAWREYK,2.8926769070005927,-0.13616307748571993
HHH_rd4_0557.pdb,HHH_rd4_0557.pdb,wt,PEEVRRLVEELYRKGVSPEQVKKILKKQGIDEREIEKVLRRIG,3.465704142543759,0.05555305732517211
HHH_rd2_0181.pdb,HHH_rd2_0181.pdb,wt,PKDQAKKEIEKALRNGDEEKAKRLAKKYGISDDDWKELKKRVS,3.965942126781467,0.08896258908139965
HHH_rd1_0033.pdb,HHH_rd1_0033.pdb,wt,SDEELKKRIEELVRRGNKDEARKLAENANSDEARKWWEKLEQL,2.4567822640561006,-0.04837191212649012
HHH_rd4_0870.pdb,HHH_rd4_0870.pdb,wt,EEEEKKKEEIARLLGVSKEDVERILKKNNLDIEQLLRRVQREN,3.744123532129622,0.015483273532127818
HHH_rd4_0849.pdb,HHH_rd4_0849.pdb,wt,DELEKRVKKIARKLNLSLDQVEEWLKRNNNDELVEAVKRLKKK,2.890194832601392,0.13965513841897512
HHH_rd4_0816.pdb,HHH_rd4_0816.pdb,wt,SDEEKKVRDQAKRLGVNTEQLLKWARRQGDEDLVRIVERLLRS,1.5916022833559733,0.13022508244039677
HHH_rd4_0613.pdb,HHH_rd4_0613.pdb,wt,PEDLERKVRELQKNGVSPEQIEKILRRDGVDEREVQELVKKVS,2.14328540926966,0.0003520307813496878
HHH_rd4_0124.pdb,HHH_rd4_0124.pdb,wt,TEEVEKIVRELQKRGVSQEEIQRILKRNGIDPRDVEHVVRRLR,1.9718552849084185,-0.0527105606843053
HHH_rd3_0008.pdb,HHH_rd3_0008.pdb,wt,TEKQERAIEYIRRLGYSEEEARRILKKANGNPDLAKEIARRIG,4.021585954583727,0.06593535214281783
HHH_rd1_0949.pdb,HHH_rd1_0949.pdb,wt,SEEKKKAKERLERLGASSELARELLDRANGNAEKAERLLRKLL,2.3212066952698986,-0.006184042055492667
HHH_rd1_0756.pdb,HHH_rd1_0756.pdb,wt,PKDEAKKKVKEAIKRGDEETAKRIAKKYNLDWDDAKREADEER,1.9763087601337865,-8.238451965314197e-05
HHH_rd4_0676.pdb,HHH_rd4_0676.pdb,wt,ADDEVAKLLVDAYRKNDEDKLEEVKKRYNISDEQVKRLIRKVL,2.7873457455533934,0.0598450510733875
HHH_rd1_0598.pdb,HHH_rd1_0598.pdb,wt,TEDARKEAKKIIDNGGSPDEAAKFIKKYGLSEDQARELVKRAL,1.3713134057219356,-0.02744925281702204
HHH_rd1_0516.pdb,HHH_rd1_0516.pdb,wt,DEDSERELEKLRKNNASKEEIKEVLKRLGFSEDEAKKLAEKAG,1.6704296253234248,-0.038926372058953516
HHH_rd1_0473.pdb,HHH_rd1_0473.pdb,wt,QKEELKEKAKEAVKRGNKDKARELLKRAGISEEEAKKIIKKIE,1.7030775526469917,-0.02811581006461284
HHH_rd1_0335.pdb,HHH_rd1_0335.pdb,wt,TEDEKKIQELLKRANGDVSKAEKLAQSQGNEELARRLREYANK,2.405860053925717,-0.043124891985204264
HHH_rd1_0244.pdb,HHH_rd1_0244.pdb,wt,QEEEKEIKRLAKKFNASEEEARRAWKKAGGDPETAEKILKKKG,2.9923794471858858,-0.017990595563750947
HHH_rd1_0606.pdb,HHH_rd1_0606.pdb,wt,PDDEWKERLREAEEKNNWKLFEELARKAGVSEEKIEEWKRRWS,3.1776101814446958,-0.06573288639576998
r10_1151_TrROS_Hall.pdb,r10_1151_TrROS_Hall.pdb,wt,MIIKINGKYYKIKKIEKNPNGKYTITTENGKKYEFKNVKIFSEEELK,3.8421760026500698,-0.014274503012937955
r10_437_TrROS_Hall.pdb,r10_437_TrROS_Hall.pdb,wt,EPELVFKVRVRTKDGRELEIEVSAEDLEKLLEALPDIEEVEIEEVEP,2.641049067904331,0.0070713555203271395
r10_572_TrROS_Hall.pdb,r10_572_TrROS_Hall.pdb,wt,MLYVKVKTEDGEELVLEVEGMTEDEIREELAKAGFKIEEIEVYEVEP,2.883410394532853,0.006145784890461139
r11_233_TrROS_Hall.pdb,r11_233_TrROS_Hall.pdb,wt,KTYTFRVRIVDEETGEEKEIEVTAKSEEEAKKAAEELKKKYPNLKVELE,3.261390224909918,0.01797070219576558
r11_569_TrROS_Hall.pdb,r11_569_TrROS_Hall.pdb,wt,MKVTIEENEETGKFTIKVKTEDGEEKTIEIPKENLEEILAKLPPNVEII,1.9436121007029268,0.03905200040572216
r11_692_TrROS_Hall.pdb,r11_692_TrROS_Hall.pdb,wt,KKSYVLIKVKNPKTKETHTIVVPEENLEEVLKALASQPNVKVVDIERFP,3.8852842463948982,-0.02774512787767814
r11_943_TrROS_Hall.pdb,r11_943_TrROS_Hall.pdb,wt,KKYKVVEVKENKDGTVELVVENENGEKKKITLSKEELDKLKAGDTVELK,2.378924183001084,-0.00410106901215084
r11_829_TrROS_Hall.pdb,r11_829_TrROS_Hall.pdb,wt,MTYRVRIENADGEVVTIEISADELREKGLTLEELLPPNARIVEVEEVEP,3.6824461317534087,0.00460678604058868
r11_951_TrROS_Hall.pdb,r11_951_TrROS_Hall.pdb,wt,KKKYVIKVYFEDTGKEVEIEAESKEEALEAAKRLAEELGLKIKKVEIYP,4.362400769970459,-0.031023250611590912
r3_162_TrROS_Hall.pdb,r3_162_TrROS_Hall.pdb,wt,MVIEDPKTNKLIEVEKLPDGTYKVTIYDKKTGEKKTITMSKKDLEKLLKAL,4.41146645722999,-0.03428778558238364
r7_587_TrROS_Hall.pdb,r7_587_TrROS_Hall.pdb,wt,PTIVLKVSPEELKALEKAGVEIEKIEKNEDGELYITLTPEALKKAGFE,2.9449518570043005,-0.00023776552555688002
r6_831_TrROS_Hall.pdb,r6_831_TrROS_Hall.pdb,wt,MVYKIRDKETGKVYEVTIDEETNEITVYDVKTGKPVKTVNMTIEELKEAGYEVEPV,3.456958073871264,0.0337162621004996
r6_560_TrROS_Hall.pdb,r6_560_TrROS_Hall.pdb,wt,AKPPKTVTVKVEVTNADGETQTRTVTLTNLPKDLKPGDTVTLPETGQTARIVEITP,3.3618698939828504,0.02099584578676492
r4_412_TrROS_Hall.pdb,r4_412_TrROS_Hall.pdb,wt,KKKIKIYIENENGEKKTIEIEVEGDIDEIAKELAKKYNVKIVKIEP,3.000278256501482,-0.0028598374066579808
r11_797_TrROS_Hall.pdb,r11_797_TrROS_Hall.pdb,wt,EKTLKIVADSEEEAEALAKELAEKYNLEVTIERNPEEEGKYVITIKIKP,3.3801715172314117,0.013087121628932519
r7_562_TrROS_Hall.pdb,r7_562_TrROS_Hall.pdb,wt,MKKYKITVYDEKTGEKHTIEIEMSEEELEELAKKLAEKHNVKVRIEKV,3.9785462345754965,0.0018544773072571602
